Provider,Tab,Notable toxins,Service,Notable pathogens,State,Latitude,Longitude,Sector,Website
National Measurement Institute,Environmental,"PFAS, Pesticides",N/A,N/A,NSW,-33.7963849,151.1451565,Government,https://www.industry.gov.au/national-measurement-institute
Global Centre for Environmental Remediation (GCER) Analytical Laboratory,Environmental,PFAS,N/A,N/A,NSW,-32.8911771,151.705017,Private,https://www.newcastle.edu.au/research-and-innovation/centre/gcer/about-us
Townsville Laboratory Services,Environmental,"PFAS, Total petroleum hydrocarbons, Metals, Phthalates",N/A,N/A,QLD,-19.332185,146.7318504,Government,townsville.qld.gov.au/water-waste-and-environment/water-testing-services
Australian Laboratory Services,Environmental,"PFAS, Pesticides",N/A,N/A,NSW,-33.836826,150.9387622,Private,https://alsglobal.com
Scientific Analytical Services Laboratory,Environmental,"PFAS, Pesticides",N/A,N/A,QLD,-27.5623324,152.9530247,Private,https://www.saslaboratory.com.au/
Envirolab (Sydney),Environmental,"PFAS, Pesticides, BPA, Metals",N/A,N/A,NSW,-33.7866731,151.1947462,Private,https://www.envirolab.com.au/
Eurofins (Sydney),Environmental,"PFAS, Pesticides, Total petroleum hydrocarbons, Volatile organic compounds, Metals, Persistent organic pollutants, Phthalates",N/A,N/A,NSW,-33.7987716,150.9393766,Private,https://eurofins.com.au/environmental-testing
Queensland Health - Forensic and Scientific Services,Environmental,"PFAS, Pesticides, BPA, Metals",N/A,N/A,QLD,-27.5589438,153.044332,Government,https://www.health.qld.gov.au/public-health/forensic-and-scientific-services/testing-analysis/environmental-testing-and-consultancy/water-testing
Envirolab (Melbourne),Environmental,"PFAS, Pesticides, BPA, Metals",N/A,N/A,VIC,-37.8166662,145.2928422,Private,https://www.envirolabservices.com.au/
Symbio,Environmental,"PFAS, Pesticides, Metals",N/A,N/A,QLD,-27.5789265,153.0992716,Private,https://symbiolabs.com.au
Eurofins (Perth),Environmental,"PFAS, Pesticides, Total petroleum hydrocarbons, Volatile organic compounds, Metals, Persistent organic pollutants, Phthalates",N/A,N/A,WA,-31.9951497,115.9626106,Private,https://eurofins.com.au/environmental-testing
Eurofins (Adelaide),Environmental,"PFAS, Pesticides, Total petroleum hydrocarbons, Volatile organic compounds, Metals, Persistent organic pollutants, Phthalates",N/A,N/A,SA,-34.9404844,138.5699116,Private,https://eurofins.com.au/environmental-testing
Eurofins (Brisbane),Environmental,"PFAS, Pesticides, Total petroleum hydrocarbons, Volatile organic compounds, Metals, Persistent organic pollutants, Phthalates",N/A,N/A,QLD,-27.4549497,153.1015025,Private,https://eurofins.com.au/environmental-testing
Eurofins (Canberra),Environmental,"PFAS, Pesticides, Total petroleum hydrocarbons, Volatile organic compounds, Metals, Persistent organic pollutants, Phthalates",N/A,N/A,ACT,-35.2122451,149.1375614,Private,https://eurofins.com.au/environmental-testing
Eurofins (Darwin),Environmental,"PFAS, Pesticides, Total petroleum hydrocarbons, Volatile organic compounds, Metals, Persistent organic pollutants, Phthalates",N/A,N/A,NT,-12.4301869,130.8816272,Private,https://eurofins.com.au/environmental-testing
Eurofins (Geelong),Environmental,"PFAS, Pesticides, Total petroleum hydrocarbons, Volatile organic compounds, Metals, Persistent organic pollutants, Phthalates",N/A,N/A,VIC,-38.196687,144.3441106,Private,https://eurofins.com.au/environmental-testing
Eurofins (Hobart),Environmental,"PFAS, Pesticides, Total petroleum hydrocarbons, Volatile organic compounds, Metals, Persistent organic pollutants, Phthalates",N/A,N/A,TAS,-42.8730208,147.3183061,Private,https://eurofins.com.au/environmental-testing
Eurofins (Melbourne),Environmental,"PFAS, Pesticides, Total petroleum hydrocarbons, Volatile organic compounds, Metals, Persistent organic pollutants, Phthalates",N/A,N/A,VIC,-38.0246453,145.2174688,Private,https://eurofins.com.au/environmental-testing
Eurofins (Townsville),Environmental,"PFAS, Pesticides, Total petroleum hydrocarbons, Volatile organic compounds, Metals, Persistent organic pollutants, Phthalates",N/A,N/A,QLD,-19.2566223,146.8168067,Private,https://eurofins.com.au/environmental-testing
Australian Water Quality Centre,Environmental,"Pesticides, Phthalates, Total petroleum hydrocarbons, Volatile organic compounds, Metals",N/A,N/A,SA,-34.9298641,138.6011101,Private,https://awqc.com.au
Biosecurity Services Laboratory,Infectious disease,N/A,"Bacteriology, Molecular Diagnostics, Parasitology, Virology",White spot syndrome virus,QLD,-27.5590631,153.0435252,Government,https://www.business.qld.gov.au/industries/farms-fishing-forestry/agriculture/biosecurity/lab/services
Genics,Infectious disease,N/A,"Molecular Diagnostics, Histopathology, Next-Generation Sequencing","White spot syndrome virus, Acute hepatopancreatic necrosis disease, Enterocytozoon hepatopenaei, Gill associated virus, Infectious hypodermal haematopoietic necrosis virus, Infectious myonecrosis virus, Yellow head virus variant 1, Yellow head virus variant 7, Hepatopancreatic parvovirus, Monodon baculovirus, Laem-Singh necrosis virus, Mourilyan virus, Taura syndrome virus, Hepatobacter penaei, Decapod iridescent virus 1, Nodavirus",QLD,-27.4999255,153.0121639,Private,https://genics.com.au/
AquaPATH,Infectious disease,N/A,Molecular Diagnostics,"Nodavirus, Streptococcus agalactiae, Infectious hypodermal haematopoietic necrosis virus, Hepatopancreatic parvovirus, White spot syndrome virus, Yellow head virus variant 1, Yellow head virus variant 7, Whenzhou shrimp virus, Enterocytozoon hepatopenaei, Acute hepatopancreatic necrosis disease, Monodon baculovirus, Gill associated virus",QLD,-19.3239461,146.7558099,Private,https://www.jcu.edu.au/tropical-fisheries-and-aquaculture/our-research/aquaculture-and-animal-health/aquapath
ACDP Fish Diseases Laboratory (National),Infectious disease,N/A,"Molecular Diagnostics, Next-Generation Sequencing, Virology, Histopathology, Bacteriology, Parisitology","White spot syndrome virus, Ostreid herpesvirus 1, Abalone herpesvirus, Aquabirnaviruses, Aquareoviruses, Epizootic haematopoietic necrosis virus, Infectious haematopoietic necrosis virus, Infectious pancreatic necrosis virus, Infectious salmon anemia virus, Koi herpes virus, Nodavirus, Orthomyxo-like viruses, Red sea bream iridovirus, Salmonid alphavirus, Spring viraemia of carp virus, Viral haemorrhagic septicaemia virus",VIC,-38.1534651,144.3840543,Government,https://acdp.csiro.au/info/AFDL.aspx
Berrimah Veterinary Laboratory,Infectious disease,N/A,"Molecular Diagnostics, Next-Generation Sequencing, Histopathology, Bacteriology, Virology, Parasitology","Nodavirus, White spot syndrome virus, Ostreid herpesvirus 1, Megalocytivirus",NT,-12.44436,130.928644,Government,https://industry.nt.gov.au/industries/primary-industry/laboratory-services/berrimah-veterinary-laboratory
DigsFish Services,Infectious disease,N/A,Consulting,N/A,QLD,-27.470125,153.021072,Private,http://www.digsfish.com/
Primary Industries and Regions South Australia (Gribbles Pathology),Infectious disease,N/A,"Histopathology, Bacteriology, Molecular Diagnostics",Ostreid herpesvirus 1,SA,-34.9453935,138.6323355,Government,https://pir.sa.gov.au/
Gribbles Pathology (Melbourne),Infectious disease,N/A,"Histopathology, Bacteriology, Molecular Diagnostics","White spot syndrome virus, Yellow head virus variant 1, Gill associated virus, Yellow head virus variant 3, Yellow head virus variant 4, Yellow head virus variant 5, Yellow head virus variant 6, Yellow head virus variant 7",VIC,-37.9229332,145.1376953,Private,https://www.gribblesvets.com.au/
Elizabeth Macarthur Agricultural Institute (EMAI),Infectious disease,N/A,"Molecular Diagnostics, Electron Microscopy, Histopathology, Parasitology, Bacteriology, Virology","Abalone herpesvirus, Acute hepatopancreatic necrosis disease, Epizootic haematopoietic necrosis virus, Infectious spleen and kidney necrosis virus, Nodavirus, Ostreid herpesvirus 1, White spot syndrome virus",NSW,-34.125641,150.723555,Government,https://www.dpi.nsw.gov.au/about-us/science-and-research_old/centres/emai
Agriculture Victoria,Infectious disease,N/A,"Bacteriology, Virology, Histopathology, Molecular Diagnostics",Abalone herpesvirus,VIC,-37.7241108,145.0541122,Government,https://agriculture.vic.gov.au/support-and-resources/services/diagnostic-services
IDEXX (Adelaide),Infectious disease,N/A,"Parasitology, Bacteriology, Molecular Diagnostics, Histopathology",N/A,SA,-34.9411924,138.6023995,Private,https://www.idexx.com.au/en-au/
IDEXX (Sydney),Infectious disease,N/A,"Parasitology, Bacteriology, Molecular Diagnostics, Histopathology",N/A,NSW,-33.8152471,151.0403745,Private,https://www.idexx.com.au/en-au/
IDEXX (Victoria),Infectious disease,N/A,"Parasitology, Bacteriology, Molecular Diagnostics, Histopathology",N/A,VIC,-37.8977815,145.1331247,Private,https://www.idexx.com.au/en-au/
IDEXX (QLD),Infectious disease,N/A,"Parasitology, Bacteriology, Molecular Diagnostics, Histopathology",N/A,QLD,-27.5803589,153.0968581,Private,https://www.idexx.com.au/en-au/
Carson Bioconsulting,Infectious disease,N/A,Consulting,N/A,TAS,-41.4332001,147.1440364,Private,N/A
Centre for Aquatic Animal Health and Vaccines,Infectious disease,N/A,"Virology, Bacteriology, Parasitology, Cytology, Serology, Molecular Diagnostics","Tasmanian aquareovirus, Pilchard orthomyxovirus, Ostreid herpesvirus 1, Abalone herpesvirus, Nodavirus, Atlantic salmon calicivirus, Tasmanian aquabirnavirus",TAS,-41.4682258,147.1409502,Government,http://www.nre.tas.gov.au/AHLabs
DPIRD Diagnostics and Laboratory Services,Infectious disease,N/A,"Electron Microscopy, Consulting, Bacteriology, Virology, Histopathology","White spot syndrome virus, Ostreid herpesvirus 1, Abalone herpesvirus, Aquabirnaviruses, Aquareoviruses, Epizootic haematopoietic necrosis virus, Infectious haematopoietic necrosis virus, Infectious pancreatic necrosis virus, Infectious salmon anemia virus, Koi herpes virus, Nodavirus, Red sea bream iridovirus, Salmonid alphavirus, Spring viraemia of carp virus, Viral haemorrhagic septicaemia virus",WA,-31.9883037,115.8852957,Government,https://www.fish.wa.gov.au/Sustainability-and-Environment/Fisheries-Science/Aquatic-Animal-Health/Pages/Disease-Diagnostic-Service.aspx
Agrigen,Infectious disease,N/A,Molecular Diagnostics,"Infectious hypodermal haematopoietic necrosis virus, Gill associated virus, Taura syndrome virus, Abalone herpesvirus",NSW,-33.8105272,151.148092,Private,https://www.agrigen.com.au/
Nautilus collaboration,Infectious disease,N/A,"Histopathology, Consulting, Molecular Diagnostics",N/A,TAS,-42.9478286,147.0356952,Private,https://www.nautiluscollaboration.com/
Vetnostics,Infectious disease,N/A,"Molecular Diagnostics, Cytology, Histopathology, Serology, Parasitology",N/A,NSW,-33.7819488,151.1235205,Private,https://www.vetnostics.com.au/
Future Fisheries Veterinary Services,"Infectious disease, Environmental","PFAS, Pesticides, Total petroleum hydrocarbons, Volatile organic compounds, Metals, Persistent organic pollutants, Phthalates",Consulting,N/A,NSW,-28.844416,153.598624,Private,https://freshbydesign.com.au/aquaponic-aquaculture-products/uncategorised/future-fisheries-veterinary-diagnostics/